Logged-in Users,Hostname,Logged-in Users
rajeshr,ISTLP154,SOFTURADOMAIN\rajeshr
jayashria,ISTLP198,SOFTURADOMAIN\jayashria
VenkataprasadK,ISTLP062,SOFTURADOMAIN\VenkataprasadK
Annapoornij,ISTLP286,SOFTURADOMAIN\Annapoornij
ChitraD,ISTLP238,SOFTURADOMAIN\ChitraD
DhineshR,ISTLP173,SOFTURADOMAIN\DhineshR
SureshR,ISTLP237,SOFTURADOMAIN\SureshR
SureshKumarM,ISTLP194,SOFTURADOMAIN\SureshKumarM
BoopathiV,ISTLP245,SOFTURADOMAIN\BoopathiV
DineshB,ISTLP202,SOFTURADOMAIN\DineshB
PrabhakaranR,ISTLP243,SOFTURADOMAIN\PrabhakaranR
SampathS,ISTLP149,SOFTURADOMAIN\SampathS
Usmans,ISTLP215,SOFTURADOMAIN\Usmans
Ahilat,ISTLP157,SOFTURADOMAIN\Ahilat
mubins,ISTLP176,SOFTURADOMAIN\mubins
AmeerdeenK,ISTLP158,SOFTURADOMAIN\AmeerdeenK
YaminiP,ISTLP187,SOFTURADOMAIN\YaminiP
SusmithaBanuS,ISTLP199,SOFTURADOMAIN\SusmithaBanuS
MariaJ,ISTLP110,SOFTURADOMAIN\MariaJ
AndrewDC,ISTLP129,SOFTURADOMAIN\AndrewDC
VigneshKK,ISTLP133,SOFTURADOMAIN\VigneshKK
keerthanaN,ISTLP297,SOFTURADOMAIN\keerthanaN
mohanapriyas,ISTLP249,SOFTURADOMAIN\mohanapriyas
ManolinVS,ISTLP296,SOFTURADOMAIN\ManolinVS
SivakumarC,ISTLP288,SOFTURADOMAIN\SivakumarC
sabarik,ISTLP163,SOFTURADOMAIN\sabarik
NamatchivayamR,ISTLP164,SOFTURADOMAIN\NamatchivayamR
ajithp,ISTLP251,SOFTURADOMAIN\ajithp
HabiburR,ISTLP178,SOFTURADOMAIN\HabiburR
KarthikaR,ISTLP205,SOFTURADOMAIN\KarthikaR
sivaranjinim,ISTLP232,SOFTURADOMAIN\sivaranjinim
BalajiSU,ISTLP180,SOFTURADOMAIN\BalajiSU
DhakshinamoorthyA,ISTLP231,SOFTURADOMAIN\DhakshinamoorthyA
mohanrajr,ISTLP128,SOFTURADOMAIN\mohanrajr
gowthamid,ISTLP095,SOFTURADOMAIN\gowthamid
SarithaK,ISTLP151,SOFTURADOMAIN\SarithaK
KarthickR,ISTLP247,SOFTURADOMAIN\KarthickR
Vairavanc,ISTLP227,SOFTURADOMAIN\Vairavanc
VigneshA,ISTLP103,SOFTURADOMAIN\VigneshA
ArchanaS,ISTLP244,SOFTURADOMAIN\ArchanaS
NittheshR,ISTLP155,SOFTURADOMAIN\NittheshR
VenkateshaPS,ISTLP048,SOFTURADOMAIN\VenkateshaPS
RukeshkumarK,ISTLP171,ISTLP171\Administrator
MonicaC,ISTLP147,SOFTURADOMAIN\MonicaC
devangbhaip; hardiks,ISTLP167,SOFTURADOMAIN\devangbhaip; SOFTURADOMAIN\hardiks
nandhum,ISTLP291,SOFTURADOMAIN\nandhum
BharathK,ISTLP278,SOFTURADOMAIN\BharathK
Stock,ISTLP063,ISTLP063\Administrator
RajasnehaR,ISTLP293,SOFTURADOMAIN\RajasnehaR
DhirajV,ISTLP273,SOFTURADOMAIN\DhirajV
ManokaranP,ISTLP185,SOFTURADOMAIN\ManokaranP
ShivaniM,ISTLP139,SOFTURADOMAIN\ShivaniM
RubyB,ISTLP274,SOFTURADOMAIN\RubyB
NandhiniT,ISTLP153,SOFTURADOMAIN\NandhiniT
DeepikaJ,ISTLP298,ISTLP298\Administrator
NithyaM,ISTLP170,SOFTURADOMAIN\NithyaM
VigneeshM,ISTLP197,SOFTURADOMAIN\VigneeshM
ArivazhaganP,ISTLP161,SOFTURADOMAIN\ArivazhaganP
monikav,ISTLP236,SOFTURADOMAIN\monikav
AlexM,ISTLP145,SOFTURADOMAIN\AlexM
HemalathaV,ISTLP203,SOFTURADOMAIN\HemalathaV
Balkrishna,ISTLP100,SOFTURADOMAIN\Balkrishna
NithyaS,ISTLP148,SOFTURADOMAIN\NithyaS
MuthukumaranT,ISTLP099,SOFTURADOMAIN\MuthukumaranT
SenthilKR,ISTLP152,SOFTURADOMAIN\SenthilKR
GanesanR,ISTLP290,SOFTURADOMAIN\GanesanR
DhivakarP,ISTLP107,SOFTURADOMAIN\DhivakarP
sriragavand,ISTLP169,SOFTURADOMAIN\sriragavand
Stock,ISTLP179,ISTLP179\Administrator
SwethaS,ISTLP150,SOFTURADOMAIN\SwethaS
RevathiS,ISTLP250,SOFTURADOMAIN\RevathiS
VetrivelK,ISTLP085,SOFTURADOMAIN\VetrivelK
BharathiM,ISTLP252,SOFTURADOMAIN\BharathiM
BhavatharaniV,ISTLP295,SOFTURADOMAIN\BhavatharaniV
NagarjunaR,ISTLP102,SOFTURADOMAIN\NagarjunaR
AshwiniG,ISTLP117,SOFTURADOMAIN\AshwiniG
SaiAnil,ISTLP262,SOFTURADOMAIN\SaiAnil
JoyN,ISTLP122,SOFTURADOMAIN\JoyN
Stock,ISTLP242,ISTLP242\Administrator
LakshmipriyaR,ISTLP162,SOFTURADOMAIN\LakshmipriyaR
miryalar,ISTLP165,SOFTURADOMAIN\miryalar
KeerthanaK,ISTLP287,SOFTURADOMAIN\KeerthanaK
JananiS,ISTLP143,SOFTURADOMAIN\JananiS
SamarasimhareddyP,ISTLP254,SOFTURADOMAIN\SamarasimhareddyP
JeyakishanSD,ISTLP058,SOFTURADOMAIN\JeyakishanSD
BoopathirajaM,ISTLP229,SOFTURADOMAIN\BoopathirajaM
PrasannaS,ISTLP270,SOFTURADOMAIN\PrasannaS
MugilvannanU,ISTLP087,SOFTURADOMAIN\MugilvannanU
DhatchayaniJ,ISTLP279,SOFTURADOMAIN\DhatchayaniJ
NarmadaR,ISTLP277,SOFTURADOMAIN\NarmadaR
DivyaD,ISTLP272,SOFTURADOMAIN\DivyaD
SathiyendranG,ISTLP201,SOFTURADOMAIN\SathiyendranG
SamuelR,ISTLP114,SOFTURADOMAIN\SamuelR
SrilathaS,ISTLP276,SOFTURADOMAIN\SrilathaS
PraveenkumarRA,ISTLP123,SOFTURADOMAIN\PraveenkumarRA
VijayC,ISTLP240,SOFTURADOMAIN\VijayC
TrisshnaS,ISTLP206,SOFTURADOMAIN\TrisshnaS
SwathiS,ISTLP209,SOFTURADOMAIN\SwathiS
SamuelR,ISTLP131,SOFTURADOMAIN\SamuelR
selvar,ISTLP070,SOFTURADOMAIN\selvar
VasanthJ,ISTLP239,SOFTURADOMAIN\VasanthJ
VijayN,ISTLP305,SOFTURADOMAIN\VijayN
SreenivasKarre,ISTLP309,SOFTURADOMAIN\SreenivasKarre
PraveenV,ISTLP307,SOFTURADOMAIN\PraveenV
SadaqvaliS,ISTLP234,SOFTURADOMAIN\SadaqvaliS
BastinA,ISTLP253,SOFTURADOMAIN\BastinA
DevandraswamyV,ISTLP186,SOFTURADOMAIN\DevandraswamyV
SakshiC,ISTLP126,SOFTURADOMAIN\SakshiC
VikramD,ISTLP141,SOFTURADOMAIN\VikramD
Stock,ISTLP216,ISTLP216\Administrator; SOFTURADOMAIN\NareshkumarR
SunithaK,ISTLP301,SOFTURADOMAIN\SunithaK
HariharanB,ISTLP175,SOFTURADOMAIN\HariharanB
niladevir,ISTLP116,SOFTURADOMAIN\niladevir
RegisDas,ISTLP300,SOFTURADOMAIN\RegisDas
SarahH,USSLT043,SOFTURANET\SarahH
KarthikS,DESKTOP-6FCMKI3,SOFTURANET\KarthikS
gowthamid,ISTLP330,SOFTURADOMAIN\gowthamid
HarshaKu,ISTLP329,SOFTURADOMAIN\HarshaKu
MonicaM,DESKTOP-LG9B164,SOFTURANET\MonicaM
AD-JaceB,DESKTOP-ARLN7DV,SOFTURANET\AD-JaceB
AD-JaceB,USSLT007,SOFTURANET\AD-JaceB
Preethars,DESKTOP-K0KG261,SOFTURANET\Preethars
CaseyC,DESKTOP-NANS9T7,SOFTURANET\CaseyC
DaveP,usslt030,SOFTURANET\DaveP
jenishp,DESKTOP-V8DO588,SOFTURANET\jenishp
GloriaP,usslt032,SOFTURANET\GloriaP
SteephenK,DESKTOP-7C9O2I3,SOFTURANET\SteephenK
PatriciaW,DESKTOP-J6T477I,SOFTURANET\PatriciaW
SaiB,DESKTOP-2HBJRV3,SOFTURANET\SaiB
HarshaS,DESKTOP-N560UFN,SOFTURANET\HarshaS
JayakumarP,ISTLP339,SOFTURADOMAIN\JayakumarP
KrishnaP,ISTLP340,SOFTURADOMAIN\KrishnaP
UmangH,DESKTOP-4LS2NLH,SOFTURANET\UmangH
PrabuS,DESKTOP-97H81CN,SOFTURANET\PrabuS
ChetnaD,USSLT019,SOFTURANET\ChetnaD
KrupaT,DESKTOP-CAA2K9M,SOFTURANET\KrupaT
RajaramanE,ISTLP332,SOFTURADOMAIN\RajaramanE
nasrinj,ISTLP303,SOFTURADOMAIN\nasrinj
JayasreeS,DESKTOP-NOI5UGP,SOFTURANET\JayasreeS
RichardB,USSLT048,SOFTURANET\RichardB
SarthakJ,USSLT047,SOFTURANET\SarthakJ
TamilarasiR,ISTLP327,SOFTURADOMAIN\TamilarasiR
BuvaneshwariM,ISTLP331,SOFTURADOMAIN\BuvaneshwariM
PrasathC,ISTLP334,SOFTURADOMAIN\PrasathC
Indujam,ISTLP338,SOFTURADOMAIN\Indujam
SathishR,ISTLP350,SOFTURADOMAIN\SathishR
JeevithaB,DESKTOP-VC1M46N,SOFTURANET\JeevithaB
MuthuK,ISTLP353,SOFTURADOMAIN\MuthuK
AvinashD,USSLT51,SOFTURANET\AvinashD
CorinnaA,USSLT031,SOFTURANET\CorinnaA
vidhyaR,ISTLP352,SOFTURADOMAIN\vidhyaR
VinothT,DESKTOP-TCAI8JQ,SOFTURANET\VinothT
navaneethk,DESKTOP-58H3UKC,SOFTURANET\navaneethk
KarthikDa,USSLT012,SOFTURANET\KarthikDa
MuktaR,ISTLP269,SOFTURADOMAIN\MuktaR
SreenivasanT,ISTLP346,SOFTURADOMAIN\SreenivasanT
Nayansahu,ISTLP326,SOFTURADOMAIN\Nayansahu
Nanthineem,ISTLP345,SOFTURADOMAIN\Nanthineem
ArnavR,ISTLP347,SOFTURADOMAIN\ArnavR
YatikkumarC,ISTLP315,SOFTURADOMAIN\YatikkumarC
DerrickM,USSLT058,SOFTURANET\DerrickM
PriyadharshiniS,ISTLP325,SOFTURADOMAIN\PriyadharshiniS
SrilakshmiT,ISTLP360,SOFTURADOMAIN\SrilakshmiT
DhanasekarS,ISTLP354,SOFTURADOMAIN\DhanasekarS
ClaudiaP,USLAPTOP01,SOFTURANET\ClaudiaP
HirenVyas,ISTLP359,SOFTURADOMAIN\HirenVyas
AndrewK,Usslt061,SOFTURANET\AndrewK
Dheeraj,ISTLP265,SOFTURADOMAIN\Dheeraj
NagalakshmiP,ISTLP362,SOFTURADOMAIN\NagalakshmiP
DhanalakshmiK,ISTLP365,SOFTURADOMAIN\DhanalakshmiK
KamsalaK,ISTLP363,SOFTURADOMAIN\KamsalaK
DhaneshkumarS,ISTLP364,SOFTURADOMAIN\DhaneshkumarS
JawaharK,USSLT044,SOFTURANET\JawaharK
GaneshM,DESKTOP-S6TSC72,SOFTURANET\GaneshM
ShreyasG,DESKTOP-5H2R4KF,SOFTURANET\ShreyasG
AjithKumarB,ISTLP358,SOFTURADOMAIN\AjithKumarB
HemalathaG,ISTLP220,SOFTURADOMAIN\HemalathaG
GowthamiDama,ISTLP361,SOFTURADOMAIN\GowthamiDama
Nikhile,DESKTOP-GQ9DIFT,SOFTURANET\Nikhile
BooraV,ISTLP267,SOFTURADOMAIN\BooraV
AbiramiR,DESKTOP-NTSIH2M,SOFTURANET\AbiramiR
TharunrajR,ISTLP084,SOFTURADOMAIN\TharunrajR
ViswanadhB,ISTLP132,SOFTURADOMAIN\ViswanadhB
PrakashB,ISTLP283,SOFTURADOMAIN\PrakashB
RaviC,USSLT055,SOFTURANET\RaviC
JayashriA,ISTLP177,SOFTURADOMAIN\JayashriA
PrafulS,ISTLP366,ISTLP366\Administrator
RamanathanC,ISTLP137,SOFTURADOMAIN\RamanathanC
ShaileshP,ISTLP321,SOFTURADOMAIN\ShaileshP
DheshkumaarA,ISTLP371,SOFTURADOMAIN\DheshkumaarA
deenadhayalans,ISTLP379,SOFTURADOMAIN\deenadhayalans
karthikag,ISTLP378,SOFTURADOMAIN\karthikag
RubaS,ISTLP376,SOFTURADOMAIN\RubaS
RadhikaA,ISTLP373,SOFTURADOMAIN\RadhikaA
DhivyaR,ISTLP372,SOFTURADOMAIN\DhivyaR
PutluruaswiniV,ISTLP368,SOFTURADOMAIN\PutluruaswiniV
ISTLP367\Administrator; palpandianp,ISTLP367,ISTLP367\Administrator; SOFTURADOMAIN\palpandianp
DarrellG,ISTLP369,SOFTURADOMAIN\DarrellG
DivyabharathiM,ISTLP056,SOFTURADOMAIN\DivyabharathiM
Nagendravarap,ISTLP120,SOFTURADOMAIN\Nagendravarap
KaranH,ISTLP370,SOFTURADOMAIN\KaranH
PraveenG,USSLT064,SOFTURANET\PraveenG
VidhiP,ISTLP375,SOFTURADOMAIN\VidhiP
SiddharthA,ISTLP382,SOFTURADOMAIN\SiddharthA
SathishP,ISTLP384,SOFTURADOMAIN\SathishP
SreejinthS,ISTLP377,SOFTURADOMAIN\SreejinthS
ISTLP140\Administrator,ISTLP140,ISTLP140\Administrator
AlanD,USSLT065,SOFTURANET\AlanD
SivapriyaV,ISTLP381,SOFTURADOMAIN\SivapriyaV
AstikV,ISTLP408,SOFTURADOMAIN\AstikV
ChendhilvealS,ISTLP398,SOFTURADOMAIN\ChendhilvealS
VaibhavO,ISTLP383,SOFTURADOMAIN\VaibhavO
DevangbhaiP,ISTLP400,SOFTURADOMAIN\DevangbhaiP
aravindanr,ISTLP411,SOFTURADOMAIN\aravindanr
DhilipanE,ISTLP396,SOFTURADOMAIN\DhilipanE
ISTLP360\Administrator,ISTLP360,ISTLP360\Administrator
NareshkumarR,ISTLP407,SOFTURADOMAIN\NareshkumarR
Nishitar,ISTLP402,SOFTURADOMAIN\Nishitar
AshishV,ISTLP394,SOFTURADOMAIN\AshishV
SharmilaR,ISTLP403,SOFTURADOMAIN\SharmilaR
SakthiD,ISTLP397,SOFTURADOMAIN\SakthiD
SairamS,ISTLP412,SOFTURADOMAIN\SairamS
KeyurS,ISTLP401,SOFTURADOMAIN\KeyurS
VenkatakrishnanR,ISTLP393,SOFTURADOMAIN\VenkatakrishnanR
LeninE,ISTLP404,SOFTURADOMAIN\LeninE
DhanushS,ISTLP121,SOFTURADOMAIN\DhanushS
Nazeerm,ISTLP399,SOFTURADOMAIN\Nazeerm
BeulaB,ISTLP212,SOFTURADOMAIN\BeulaB
AumGesota,ISTLP409,SOFTURADOMAIN\AumGesota
KrishnakumarS,ISTLP406,SOFTURADOMAIN\KrishnakumarS
DivyabharathiM,ISTLP275,SOFTURADOMAIN\DivyabharathiM
RamkumarM,ISTLP183,SOFTURADOMAIN\RamkumarM
LakshmiN,USSLT052,SOFTURANET\LakshmiN
BharanidharanP,ISTLP405,SOFTURADOMAIN\BharanidharanP
SaurinP,ISTLP342,SOFTURADOMAIN\SaurinP
ShonimaK,ISTLP204,SOFTURADOMAIN\ShonimaK
AndrewR,ISTLP337,SOFTURADOMAIN\AndrewR
KarthikeyanSB,ISTLP136,SOFTURADOMAIN\KarthikeyanSB
saikasthurirangank,ISTLP395,SOFTURADOMAIN\saikasthurirangank
SriganeshN,ISTLP423,SOFTURADOMAIN\SriganeshN
karuppanana,ISTLP415,SOFTURADOMAIN\karuppanana
NiranjaniE,ISTLP414,SOFTURADOMAIN\NiranjaniE
VivekR,ISTLP413,SOFTURADOMAIN\VivekR
SatheeshKumarK,ISTLP427,SOFTURADOMAIN\SatheeshKumarK
NirmalaR,ISTLP422,SOFTURADOMAIN\NirmalaR
ShrinivasS,ISTLP431,SOFTURADOMAIN\ShrinivasS
YagneshD,ISTLP420,SOFTURADOMAIN\YagneshD
GovindarajanN,ISTLP435,SOFTURADOMAIN\GovindarajanN
ThiruvenkadamE,ISTLP434,SOFTURADOMAIN\ThiruvenkadamE
harinid,ISTLP426,SOFTURADOMAIN\harinid
ParekhKeyurM,ISTLP429,SOFTURADOMAIN\ParekhKeyurM
RamkumarR,ISTLP418,SOFTURADOMAIN\RamkumarR
ManikandanS,ISTLP425,SOFTURADOMAIN\ManikandanS
PiyushK,ISTLP419,SOFTURADOMAIN\PiyushK
KalaiselvanS,ISTLP428,SOFTURADOMAIN\KalaiselvanS
venkats,ISTLP430,SOFTURADOMAIN\venkats
AnandK,A3S,SOFTURANET\AnandK
NeelD,ISTLP416,SOFTURADOMAIN\NeelD
ISTLP421\Administrator,ISTLP421,ISTLP421\Administrator
ISTLP306\Administrator,ISTLP306,ISTLP306\Administrator
HarishvatsanAS,ISTLP255,SOFTURADOMAIN\HarishvatsanAS
SarvaniN,USSLT068,SOFTURANET\SarvaniN
PriyankS,ISTLP436,SOFTURADOMAIN\PriyankS
HardikS,ISTLP424,SOFTURADOMAIN\HardikS
RohiniK,USSLT060,SOFTURANET\RohiniK
ShanmukhiC,USSLT067,SOFTURANET\ShanmukhiC
MohanJ,USSLPT066,SOFTURANET\MohanJ
HariswarS,ISTLP285,SOFTURADOMAIN\HariswarS
ErikL,USSLT069,SOFTURANET\ErikL
MaharajaM,ISTLP214,SOFTURADOMAIN\MaharajaM
ISTLP418\Administrator,ISTLP418,ISTLP418\Administrator
Jasmine,ISTLP142,SOFTURADOMAIN\Jasmine
MoukthikaB,USSLT071,SOFTURANET\MoukthikaB
NarendhiranM,ISTLP417,SOFTURADOMAIN\NarendhiranM
KumaranA,ISTLP432,SOFTURADOMAIN\KumaranA
ZuhaibS,USSLT072,SOFTURANET\ZuhaibS
MayankL,USSLT073,SOFTURANET\MayankL
LokeshR,USSLT074,SOFTURANET\LokeshR
KarthickRavi,ISTLP146,SOFTURADOMAIN\KarthickRavi
ParthibanP,ISTLP160,SOFTURADOMAIN\ParthibanP
mownikae,ISTLP246,SOFTURADOMAIN\mownikae
GovindarajR,ISTLP433,SOFTURADOMAIN\GovindarajR
SergeA,DESKTOP-B9HPAA5,SOFTURANET\SergeA
SriRangarajuV,DESKTOP-F3KMC2K,SOFTURANET\SriRangarajuV
PeterB,DESKTOP-F12OD8C,SOFTURANET\PeterB
VishnuS,USSLT062,SOFTURANET\VishnuS
SravyaK,DESKTOP-4JSU5T1,SOFTURANET\SravyaK
KellyK,DESKTOP-EHIP7MO,SOFTURANET\KellyK
NandiniY,USSLT050,SOFTURANET\NandiniY
AdebukolaO,USSLT057,SOFTURANET\AdebukolaO
TravisF,USSLT009,SOFTURANET\TravisF
SrivallabhN,DESKTOP-AIVKH11,SOFTURANET\SrivallabhN
ShivaK,DESKTOP-LUCK5J1,SOFTURANET\ShivaK
SriramR,USSLT004,SOFTURANET\SriramR
FrankB,usslt029,SOFTURANET\FrankB
ShrutiP,USSLT053,SOFTURANET\ShrutiP
BobS,DESKTOP-ULDB9KM,SOFTURANET\BobS
SandroM,DESKTOP-377LHG6,SOFTURANET\SandroM
SuchaiT,USSLT054,SOFTURANET\SuchaiT
abisheks,ISTLP271,SOFTURADOMAIN\abisheks
AshwinS,ISTLP029,SOFTURANET\AshwinS
DeepakP,USSLT075,SOFTURANET\DeepakP
JonathanL,DESKTOP-95VIB87,SOFTURANET\JonathanL
BadriD,ISTLP343,SOFTURADOMAIN\BadriD
PraveenSe,ISTLP385,SOFTURADOMAIN\PraveenSe
SantoshV,ISTLP228,SOFTURADOMAIN\SantoshV
MaheswariS,ISTLP374,SOFTURADOMAIN\MaheswariS
NomanK,USSLT070,SOFTURANET\NomanK
RohiniKulasekaran,ISTLP294,SOFTURADOMAIN\RohiniKulasekaran
abdhurm,ISTLP156,SOFTURADOMAIN\abdhurm
maheswarir,ISTLP344,SOFTURADOMAIN\maheswarir
GowthamanA,ISTLP410,SOFTURADOMAIN\GowthamanA
preamnathpa,ISTLP075,SOFTURADOMAIN\preamnathpa
RajarajanR,ISTLP323,SOFTURADOMAIN\RajarajanR
SaranyaC,ISTLP235,SOFTURADOMAIN\SaranyaC
SwamynathanH,ISTLP392,SOFTURADOMAIN\SwamynathanH
KavithaP,ISTLP159,SOFTURADOMAIN\KavithaP
FazilM,ISTLP086,SOFTURADOMAIN\FazilM
SanthoshKumarS,ISTLP101,SOFTURADOMAIN\SanthoshKumarS
Prasanj,ISTLP389,SOFTURADOMAIN\Prasanj
FaisalMehdiS,ISTLP188,SOFTURADOMAIN\FaisalMehdiS
MoorthyK,ISTLP355,SOFTURADOMAIN\MoorthyK
Adhikesavanc,ISTLP316,SOFTURADOMAIN\Adhikesavanc
DilliKumaranS,ISTLP068,SOFTURADOMAIN\DilliKumaranS
kotteeswarank,ISTLP333,SOFTURADOMAIN\kotteeswarank
SaravananS,ISTLP357,SOFTURADOMAIN\SaravananS
ISTLP082\PranavC,ISTLP082,ISTLP082\PranavC
sivakumarr,ISTLP096,SOFTURADOMAIN\sivakumarr
eswaranathp,ISTLP386,SOFTURADOMAIN\eswaranathp
SangeethaN,ISTLP304,SOFTURADOMAIN\SangeethaN
SandeepR,ISTLP319,SOFTURADOMAIN\SandeepR
Shyams,ISTLP115,SOFTURADOMAIN\Shyams
Srilakshman,ISTLP111,SOFTURADOMAIN\Srilakshman
SuryaD,ISTLP109,SOFTURADOMAIN\SuryaD
Mohammedrauf,ISTLP317,SOFTURADOMAIN\Mohammedrauf
SubashiniG,ISTLP260,SOFTURADOMAIN\SubashiniG
ISTLP065\Administrator,ISTLP065,ISTLP065\Administrator
SugandhiK,ISTLP213,SOFTURADOMAIN\SugandhiK
PavithraS,ISTLP184,SOFTURADOMAIN\PavithraS
HajamoideenAbdul,ISTLP112,SOFTURADOMAIN\HajamoideenAbdul
nirmalan,ISTLP225,SOFTURADOMAIN\nirmalan
DeepikaKu,ISTLP059,SOFTURADOMAIN\DeepikaKu
KarthikAN,ISTLP380,SOFTURADOMAIN\KarthikAN
PrameelaF,ISTLP292,SOFTURADOMAIN\PrameelaF
GiridharanN,ISTLP138,SOFTURADOMAIN\GiridharanN
SabithaB,ISTLP324,SOFTURADOMAIN\SabithaB
HamsashreeMK,ISTLP318,SOFTURADOMAIN\HamsashreeMK
Lingeshwaranr,ISTLP351,SOFTURADOMAIN\Lingeshwaranr
JayendranS,ISTLP335,SOFTURADOMAIN\JayendranS
JayashreeU,ISTLP308,SOFTURADOMAIN\JayashreeU
NavreenSA,ISTLP320,SOFTURADOMAIN\NavreenSA
Muraliy,ISTLP233,SOFTURADOMAIN\Muraliy
AnbarasanG,ISTLP336,SOFTURADOMAIN\AnbarasanG
BersySB,ISTLP328,SOFTURADOMAIN\BersySB
ISTLP167\Administrator,ISTLP167,ISTLP167\Administrator
RajaG,ISTLP241,SOFTURADOMAIN\RajaG
SivakalaJ,ISTLP230,SOFTURADOMAIN\SivakalaJ
KarthikeyanS,ISTLP322,SOFTURADOMAIN\KarthikeyanS
HemalathaP,ISTLP174,SOFTURADOMAIN\HemalathaP
SahithiVengaldas,ISTLP444,SOFTURADOMAIN\SahithiVengaldas
DarshanN,ISTLP446,SOFTURADOMAIN\DarshanN
devangbhaip; hardiks,ISTLP445,SOFTURADOMAIN\devangbhaip; SOFTURADOMAIN\hardiks
PradeepkumarS,ISTLP310,SOFTURADOMAIN\PradeepkumarS
PadmanabanM,ISTLP248,SOFTURADOMAIN\PadmanabanM
AnthonyR,DESKTOP-IED48KA,SOFTURANET\AnthonyR
ISTLP060\Administrator; SrigowthamR,ISTLP060,ISTLP060\Administrator; SOFTURADOMAIN\SrigowthamR
PatelK,ISTLP443,SOFTURADOMAIN\PatelK
ISTLP174\Administrator,ISTLP174,ISTLP174\Administrator
KrishnaK,ISTLP437,SOFTURADOMAIN\KrishnaK
DheenadayalanR,ISTLP447,SOFTURADOMAIN\DheenadayalanR
KalyanP,USSLT076,SOFTURANET\KalyanP
GopinathP,USSLT078,SOFTURANET\GopinathP
ISTLP289\Administrator,ISTLP289,ISTLP289\Administrator
VanithaB,ISTLP448,SOFTURADOMAIN\VanithaB
LakshmiNarasimhanN,ISTLP451,SOFTURADOMAIN\LakshmiNarasimhanN
MeganathanM,ISTLP200,SOFTURADOMAIN\MeganathanM
DeepakK,DESKTOP-UVD5A53,SOFTURANET\DeepakK
Wasimraja,ISTLP456,SOFTURADOMAIN\Wasimraja
GnanakumarI,USSLT079,SOFTURANET\GnanakumarI
LabhamM,USSLT080,SOFTURANET\LabhamM
MuralidharanA,ISTLP452,SOFTURADOMAIN\MuralidharanA
SathishkumarR,ISTLP457,SOFTURADOMAIN\SathishkumarR
VishnupriyaS,ISTLP460,SOFTURADOMAIN\VishnupriyaS
ShaliniguptaK,ISTLP449,SOFTURADOMAIN\ShaliniguptaK
BalamuralikrishnaM,ISTLP459,SOFTURADOMAIN\BalamuralikrishnaM
ISTLP458\Administrator,ISTLP458,ISTLP458\Administrator
shaneebaa,ISTLP458,SOFTURADOMAIN\shaneebaa
ISTLP453\Administrator,ISTLP453,ISTLP453\Administrator
SivaprasadrajuK,ISTLP455,SOFTURADOMAIN\SivaprasadrajuK
Mathivathanis,ISTLP454,SOFTURADOMAIN\Mathivathanis
ISTLP390\Administrator,ISTLP390,ISTLP390\Administrator
ISTLP390\Administrator,ISTLP390,ISTLP390\Administrator
ISTLP140\Administrator,ISTLP140,ISTLP140\Administrator
HarithaK,ISTLP263,SOFTURADOMAIN\HarithaK
JuliaS,USSLT081,SOFTURANET\JuliaS
ReshwanthreddyP,ISTLP125,SOFTURADOMAIN\ReshwanthreddyP
ISTLP062\Administrator,ISTLP062,ISTLP062\Administrator
BalajiSundaram,USSLT082,SOFTURANET\BalajiSundaram
ManikandanV,ISTLPREN08,SOFTURADOMAIN\ManikandanV
Muthukaruppaiyaj,ISTLPREN06,SOFTURADOMAIN\Muthukaruppaiyaj
ISTSRVREN02\Administrator,ISTWIN11TEST,ISTSRVREN02\Administrator
JoelIgnetiousK,ISTLPREN09,SOFTURADOMAIN\JoelIgnetiousK
VetrivelM,ISTLPREN02,SOFTURADOMAIN\VetrivelM
SarathiKannanM,ISTLPREN07,SOFTURADOMAIN\SarathiKannanM
LalithKumarD,ISTLPREN05,SOFTURADOMAIN\LalithKumarD
SwatiS,ISTLPREN03,SOFTURADOMAIN\SwatiS
VarunkarthikM,ISTLPREN04,SOFTURADOMAIN\VarunkarthikM
NareshkumarR,ISTL216,SOFTURADOMAIN\NareshkumarR
HariV,ISTLPREN01,SOFTURADOMAIN\HariV
RameshR,ISTLP465,SOFTURADOMAIN\RameshR
ISTLP159\Administrator,ISTLP159,ISTLP159\Administrator
ISTLP198\Administrator,ISTLP198,ISTLP198\Administrator
ISTLP127\Administrator,ISTLP127,ISTLP127\Administrator
ISTLP145\Administrator,ISTLP145,ISTLP145\Administrator
ISTLP131\Administrator,ISTLP131,ISTLP131\Administrator
ISTLP262\Administrator,ISTLP262,ISTLP262\Administrator
ISTLP405\Administrator,ISTLP405,ISTLP405\Administrator
ISTLP285\Administrator,ISTLP285,ISTLP285\Administrator
ISTLP127\Administrator; sriharik,ISTLP127,ISTLP127\Administrator; SOFTURADOMAIN\sriharik
RajasekarA,ISTLP190,SOFTURADOMAIN\RajasekarA
ISTL352\Administrator,ISTL352,ISTL352\Administrator
